{
  "runs": 10,
  "avg_rps": 2920.5020000000004,
  "min_rps": 2601.78,
  "max_rps": 2971.97,
  "avg_p99_ms": 3191.816,
  "min_p99_ms": 86.72,
  "max_p99_ms": 31104.78,
  "avg_avg_latency_ms": 236.32999999999998,
  "total_requests": 8763820,
  "total_errors": null
}
